{"train/loss": 1.1654, "train/grad_norm": 3.3534560203552246, "train/learning_rate": 0.0002964601769911505, "train/epoch": 2.4730679156908666, "train/global_step": 330, "_timestamp": 1724229779.0470939, "_runtime": 4099.422432899475, "_step": 34, "eval/loss": 1.238210916519165, "eval/accuracy": 0.40716180371352784, "eval/runtime": 75.7301, "eval/samples_per_second": 9.956, "eval/steps_per_second": 0.317}